codigo;nome;municipio;entidade;lat;lon;altitude_m;instalacao;extincao;meses_com_dado;meses_sem_leitura;ano_min;ano_max
2453003;ESTAÇÃO EXPERIMENTAL ;Palotina;IAPAR;-24.3;-53.916666666666664;310.0;01/01/1969;;312;0;1986;2011
2453004;USINA ASSIS ;Assis Chateaubriand;AGUASPARANÁ;-24.416666666666668;-53.516666666666666;350.0;26/09/1966;01/03/1999;158;10;1986;1999
2453006;PALOTINA;Palotina;AGUASPARANÁ;-24.283055555555556;-53.83305555555556;289.0;28/10/1964;21/08/1990;55;5;1986;1990
2453007;CASCAVÉL;Cascavel;AGUASPARANÁ;-24.95;-53.46666666666667;750.0;21/10/1964;01/01/1987;12;0;1986;1986
2453012;CORBELIA;Corbélia;AGUASPARANÁ;-24.798611111111114;-53.29138888888889;695.904;12/04/1965;;475;5;1986;2025
2453017;NOVA CONCORDIA;Toledo;AGUASPARANÁ;-24.725555555555555;-53.845;513.491;20/07/1964;;472;8;1986;2025
2453023;CASCAVEL - OCEPAR;Cascavel;IAPAR;-24.93305555555556;-53.433055555555555;760.0;01/08/1972;;289;11;1986;2010
2453027;BOM PRINCIPIO;Toledo;AGUASPARANÁ;-24.772777777777776;-53.64277777777778;617.635;14/07/1975;;480;0;1986;2025
2453028;DOIS IRMÃOS;Toledo;AGUASPARANÁ;-24.62027777777778;-53.92611111111111;519.499;14/07/1975;;480;0;1986;2025
2453030;BRAGANTINA;Assis Chateaubriand;AGUASPARANÁ;-24.611111111111114;-53.61416666666667;500.939;24/07/1975;;480;0;1986;2025
2453033;VILA NOVA;Toledo;AGUASPARANÁ;-24.566666666666666;-53.8;552.0;15/07/1975;22/06/1997;137;7;1986;1997
2453035;ENGENHEIRO AZAURY;Assis Chateaubriand;AGUASPARANÁ;-24.516666666666666;-53.56666666666667;419.0;25/07/1975;18/06/1997;137;7;1986;1997
2453038;COLONIA SÃO PEDRO;Corbélia;AGUASPARANÁ;-24.916666666666668;-53.2;644.0;26/07/1975;26/02/1998;145;11;1986;1998
2453042;ENCANTADO DO OESTE;Assis Chateaubriand;AGUASPARANÁ;-24.416666666666668;-53.65;422.0;25/07/1975;19/06/1997;137;7;1986;1997
2453049;SÃO CAMILO;Palotina;AGUASPARANÁ;-24.2;-53.916666666666664;300.0;11/01/1976;22/06/1997;137;7;1986;1997
2453055;CASCAVEL;Cascavel;INMET;-24.95;-53.46666666666667;760.0;01/03/1958;;13;11;1996;1997
2453056;SAO JOÃO DO OESTE;Cascavel;AGUASPARANÁ;-24.961944444444445;-53.24333333333333;661.945;26/07/1975;;480;0;1986;2025
2453058;TOLEDO;Toledo;INMET;-24.733055555555556;-53.75;300.0;01/08/1975;;41;7;1986;1991
2453059;TOLEDO;Toledo;AGUASPARANÁ;-24.67638888888889;-53.71027777777778;517.864;01/04/1979;;480;0;1986;2025
2453062;CASCAVEL - SE COPEL;Cascavel;COPEL;-24.983055555555556;-53.45;735.0;01/02/1987;30/06/2000;160;8;1987;2000
2453069;PEDREIRA;Toledo;AGUASPARANÁ;-24.75583333333333;-53.77444444444444;442.299;02/03/2004;31/08/2008;38;22;2004;2008
2453070;CAPTAÇÃO SANEPAR ;Toledo;AGUASPARANÁ;-24.737222222222222;-53.68833333333333;500.407;08/06/2004;30/06/2008;17;43;2004;2008
2453090;RIO SÃO CAMILO;Palotina;C.VALE;;;0.0;17/09/2024;;4;8;2025;2025
2453098;BOSQUE SÃO CAMILO;Palotina;AGUASPARANÁ;;;0.0;01/11/2024;;14;10;2024;2025
2454001;GUAIRA;Guaíra;ITAIPU;-24.066666666666666;-54.25;218.0;01/01/1941;31/12/2008;276;0;1986;2008
2454006;TERRA ROXA DO OESTE;Terra Roxa;AGUASPARANÁ;-24.166944444444447;-54.09861111111111;378.327;11/04/1967;;480;0;1986;2025
2454009;GUAIRA;Guaíra;INMET;-24.083055555555557;-54.25;231.0;01/01/1963;;120;0;1986;1995
2454012;SÃO CLEMENTE;Santa Helena;AGUASPARANÁ;-24.77861111111111;-54.23972222222222;261.221;16/07/1975;;480;0;1986;2025
2454016;BELA VISTA (RANCHO ;Guaíra;AGUASPARANÁ;-24.305833333333332;-54.15472222222222;340.011;14/07/1975;;480;0;1986;2025
2454017;DOUTOR OLIVEIRA CASTRO;Guaíra;AGUASPARANÁ;-24.25;-54.266666666666666;300.0;14/07/1975;01/08/1991;58;14;1986;1991
2454019;SANTA RITA DO OESTE;Terra Roxa;AGUASPARANÁ;-24.366666666666667;-54.016666666666666;400.0;11/01/1976;22/06/1997;137;7;1986;1997
2454020;PIQUEROBI;Terra Roxa;AGUASPARANÁ;-24.066666666666666;-54.11666666666667;228.0;11/01/1976;17/06/1987;17;7;1986;1987
2454024;SANTA HELENA -INEMET;Santa Helena;INMET;-24.866666666666667;-54.33305555555556;240.0;01/01/1980;31/12/1989;48;0;1986;1989
2454026;GUAIRA - SE COPEL;Guaíra;COPEL;-24.1;-54.266666666666666;260.0;01/02/1987;31/08/2000;163;5;1987;2000
2552000;QUEDAS IGUACU (CAMPO ;Quedas do Iguaçu;ANA;-25.448055555555555;-52.90416666666667;550.0;01/08/1949;;480;0;1986;2025
2552046;LINHA MIRIM;Quedas do Iguaçu;AGUASPARANÁ;-25.392777777777777;-52.964444444444446;666.0;28/01/1976;;480;0;1986;2025
2552053;QUEDAS DO  IGUACU - SE ;Quedas do Iguaçu;COPEL;-25.45;-52.916666666666664;610.0;01/11/1987;31/05/2001;149;31;1987;2001
2553001;ESTREITO DO IGUACU;Céu Azul;ANA;-25.55;-53.766666666666666;185.0;23/01/1968;01/01/1987;12;0;1986;1986
2553009;CÉU AZUL;Céu Azul;AGUASPARANÁ;-25.15583333333333;-53.85;649.689;09/08/1965;;470;10;1986;2025
2553010;SANTA IZABEL D'OESTE;Santa Izabel do Oeste;AGUASPARANÁ;-25.81222222222222;-53.473055555555554;400.0;20/09/1965;20/07/2011;306;6;1986;2011
2553015;PLANALTO - IAPAR;Planalto;IAPAR;-25.7;-53.766666666666666;400.0;01/03/1973;;360;0;1986;2015
2553016;NELSON TABORDA;Cascavel;AGUASPARANÁ;-25.183611111111112;-53.48027777777778;611.049;22/09/1971;31/05/2013;328;8;1986;2013
2553017;CENTENÁRIO;Cascavel;AGUASPARANÁ;-25.083055555555557;-53.183055555555555;810.0;21/07/1975;30/09/1991;48;24;1986;1991
2553018;USINA SALTO OSÓRIO;Quedas do Iguaçu;IAPAR;-25.516666666666666;-53.016666666666666;514.0;01/06/1972;31/08/1999;164;4;1986;1999
2553020;FLORIANO;Matelândia;AGUASPARANÁ;-25.30638888888889;-53.87277777777778;457.726;03/03/1975;;479;1;1986;2025
2553023;DOIS DE MAIO;Céu Azul;AGUASPARANÁ;-25.1;-53.73305555555556;650.0;28/02/1975;29/10/1998;153;3;1986;1998
2553031;IBIRACEMA;Cascavel;AGUASPARANÁ;-25.283055555555556;-53.31666666666667;495.0;21/07/1975;24/10/2003;213;3;1986;2003
2553032;CASTELO BRANCO;Cascavel;AGUASPARANÁ;-25.2;-53.266666666666666;694.0;20/07/1975;14/07/2000;174;6;1986;2000
2553035;RIO DO SALTO;Cascavel;AGUASPARANÁ;-25.136388888888888;-53.33083333333334;633.186;20/07/1975;;479;1;1986;2025
2553038;SÃO VALÉRIO;Planalto;AGUASPARANÁ;-25.76972222222222;-53.66444444444444;484.0;19/02/1976;;480;0;1986;2025
2553039;SAGRADA FAMILIA;Planalto;AGUASPARANÁ;-25.666666666666668;-53.683055555555555;380.0;19/02/1976;;480;0;1986;2025
2553047;ALTO UNIÃO;Santa Izabel do Oeste;AGUASPARANÁ;-25.68305555555556;-53.46666666666667;400.0;19/02/1976;;480;0;1986;2025
2553054;SALTO OSÓRIO - JUSANTE ;Quedas do Iguaçu;ANA;-25.533055555555556;-53.033055555555556;510.0;31/05/1987;11/11/1998;137;7;1987;1998
2553058;PONTE DO CAPANEMA;Planalto;ITAIPU;-25.76972222222222;-53.61138888888889;320.0;01/06/1990;;182;10;1990;2005
2554000;FOZ DO IGUACU;Foz do Iguaçu;ITAIPU;-25.55;-54.58305555555556;100.0;21/08/1940;;162;30;1986;2007
2554001;PARQUE NACIONAL DO ;Foz do Iguaçu;ITAIPU;-25.616666666666667;-54.48305555555556;100.0;01/07/1941;;270;6;1986;2008
2554002;SALTO CATARATAS;Foz do Iguaçu;AGUASPARANÁ;-25.68305555555556;-54.433055555555555;152.0;01/08/1946;31/12/2019;408;0;1986;2019
2554005;MATELANDIA;Matelândia;AGUASPARANÁ;-25.240277777777777;-53.97527777777778;570.475;09/08/1965;;480;0;1986;2025
2554006;SÃO MIGUEL DO IGUACU;São Miguel do Iguaçu;AGUASPARANÁ;-25.34583333333333;-54.243611111111115;286.651;30/07/1962;;479;1;1986;2025
2554007;COLÉGIO MEDIANEIRA;Medianeira;AGUASPARANÁ;-25.3;-54.1;402.0;30/07/1962;01/06/1988;29;7;1986;1988
2554010;FOZ DO IGUACU;Foz do Iguaçu;AGUASPARANÁ;-25.533055555555556;-54.58305555555556;120.0;20/02/1973;30/08/1990;55;5;1986;1990
2554013;SANTA ELIZA;São Miguel do Iguaçu;AGUASPARANÁ;-25.504166666666666;-54.3275;296.79;28/02/1975;;480;0;1986;2025
2554014;SÃO BRAZ;São Miguel do Iguaçu;AGUASPARANÁ;-25.466666666666665;-54.15;200.0;26/02/1975;01/06/2002;197;7;1986;2002
2554026;SÃO MIGUEL DO IGUACU - ;Medianeira;IAPAR;-25.18305555555556;-54.13305555555556;307.0;06/08/1982;31/01/1999;157;11;1986;1999
2554027;FOZ DO IGUACU NOVO;Foz do Iguaçu;ANA;-25.5;-54.6;105.0;01/08/1985;01/05/1991;54;18;1986;1991
2554028;MEDIANEIRA - SE COPEL;Medianeira;COPEL;-25.3;-54.1;410.0;01/11/1987;28/02/1999;136;20;1987;1999
2554029;FOZ IGUACU - SE COPEL;Foz do Iguaçu;COPEL;-25.5;-54.58305555555556;178.0;01/09/1988;31/12/2000;116;40;1988;2000
2554030;CACIC;Foz do Iguaçu;AGUASPARANÁ;-25.30611111111111;-54.41277777777778;245.497;01/08/1995;;365;7;1995;2025
