codigo;anos_completos;P_mm;EI_anual_sem_fator;R_com_g;nome;municipio;R_MJ_mm_ha_h_ano;razao_waltrick_sobre_EI;dif_pct_com_g
2453003;23;1643.434782608696;1063.7662292722262;10435.546709160539;ESTAÇÃO EXPERIMENTAL ;Palotina;10436;9.810426118847344;-0.0043435304662775565
2453012;23;2002.208695652174;1229.9981293042727;12066.281648474915;CORBELIA;Corbélia;12088;9.827657223216567;-0.17966869229885107
2453017;23;1696.1478260869567;1082.8458148507762;10622.717443686115;NOVA CONCORDIA;Toledo;10623;9.810260938639658;-0.0026598542208877696
2453023;23;1884.6304347826087;1181.2093614287098;11587.663835615644;CASCAVEL - OCEPAR;Cascavel;11588;9.810284593396677;-0.002900969833929956
2453027;23;1896.8043478260868;1188.2470677270846;11656.703734402701;BOM PRINCIPIO;Toledo;10623;8.940059932417928;9.730808005296998
2453028;23;1787.304347826087;1133.6864520651857;11121.464094759473;DOIS IRMÃOS;Toledo;10623;9.370315734697684;4.692310032565872
2453030;23;1769.5782608695652;1119.4540801112566;10981.844525891429;BRAGANTINA;Assis Chateaubriand;10982;9.810138883864317;-0.0014157176158380302
2453056;23;2025.2260869565218;1246.296337294835;12226.167068862333;SAO JOÃO DO OESTE;Cascavel;11588;9.297949174072425;5.5071372873863655
2453059;23;1820.878260869565;1145.3827388590605;11236.204668207383;TOLEDO;Toledo;10623;9.274629029752788;5.772424627764128
2454001;23;1515.1260869565215;1006.7533199421787;9876.250068632773;GUAIRA;Guaíra;10509;10.438505433092159;-6.02102894059594
2454006;23;1622.6043478260867;1061.701812676813;10415.294782359537;TERRA ROXA DO OESTE;Terra Roxa;10415;9.809722349198225;0.002830363509720435
2454012;23;1828.291304347826;1147.8865462737995;11260.767018945973;SÃO CLEMENTE;Santa Helena;11261;9.810202965227516;-0.002068919758702048
2454016;23;1664.1260869565217;1071.21526927262;10508.621791564403;BELA VISTA (RANCHO ;Guaíra;10509;9.810353064828748;-0.0035989003292158372
2552000;23;1967.086956521739;1238.1966820266214;12146.709450681155;QUEDAS IGUACU (CAMPO ;Quedas do Iguaçu;12173;9.831232934719074;-0.2159742817616439
2552046;23;2443.5608695652177;1475.8412926787946;14478.003081178977;LINHA MIRIM;Quedas do Iguaçu;12173;8.24817686047043;18.935374034165587
2553009;23;1979.021739130435;1233.8942951062777;12104.503034992586;CÉU AZUL;Céu Azul;12121;9.823369836519095;-0.1361023431021735
2553010;23;1877.5782608695654;1179.758184444548;11573.427789401017;SANTA IZABEL D'OESTE;Santa Izabel do Oeste;11573;9.80963739230068;0.0036964434547481773
2553015;23;1948.1521739130437;1217.5944121968128;11944.601183650733;PLANALTO - IAPAR;Planalto;11571;9.503164505431105;3.228771788529361
2553016;23;2034.204347826087;1260.0437444269046;12361.029132827935;NELSON TABORDA;Cascavel;11588;9.196506114373415;6.670945226337022
2553020;23;1869.3608695652176;1175.438772925231;11531.054362396517;FLORIANO;Matelândia;11531;9.80995375140095;0.00047144563799506045
2553031;17;2078.9294117647064;1269.059480801437;12449.473506662098;IBIRACEMA;Cascavel;11588;9.131171686832158;7.434186284622868
2553035;23;1866.3913043478262;1162.0643394671033;11399.851170172284;RIO DO SALTO;Cascavel;11588;9.97190913311564;-1.6236523112505674
2553038;23;1975.4347826086955;1226.619219047756;12033.134538858487;SÃO VALÉRIO;Planalto;11571;9.433245313882129;3.993903196426296
2553039;23;1855.5347826086957;1179.5283730557708;11571.173339677112;SAGRADA FAMILIA;Planalto;11571;9.809853043232303;0.0014980526930497007
2553047;23;1819.3304347826083;1138.0727286363272;11164.49346792237;ALTO UNIÃO;Santa Izabel do Oeste;11573;10.168945893174257;-3.5298240048183716
2554001;21;1731.3047619047618;1109.7512343441188;10886.659608915805;PARQUE NACIONAL DO ;Foz do Iguaçu;11037;9.945472154868158;-1.3621490539475922
2554002;23;1770.3739130434778;1125.0447348046691;11036.688848433805;SALTO CATARATAS;Foz do Iguaçu;11037;9.81027656817242;-0.002819167945955492
2554005;23;2021.5173913043477;1252.6756607664404;12288.74823211878;MATELANDIA;Matelândia;11531;9.205096228136853;6.571400850913012
2554006;23;1710.0130434782611;1090.826212124207;10701.00514093847;SÃO MIGUEL DO IGUACU;São Miguel do Iguaçu;10701;9.80999528711502;4.8041664046927224e-05
2554013;23;2313.439130434783;1419.6563038189856;13926.82834046425;SANTA ELIZA;São Miguel do Iguaçu;10701;7.537739924243269;30.145111115449485
2554014;16;1766.78125;1102.8032961071954;10818.500334811588;SÃO BRAZ;São Miguel do Iguaçu;10701;9.703453043506169;1.0980313504493688
