codigoOpacoInterprete,cameraName,gsdAlvoCm,aglNominalMetros,areaPoligonoHa,formatoEntregaOrtomosaico,protocoloDelineacao,dataColetaCampo
VANT-BLIND-04B7F79AA1,Micasense Altum,4.0,92.76,5.02,GeoTIFF_5Bandas_Refletancia_Calibrada,D26_FracaoAreaErodida_Cego,
VANT-BLIND-0747542AC4,Micasense Altum,4.0,92.76,5.02,GeoTIFF_5Bandas_Refletancia_Calibrada,D26_FracaoAreaErodida_Cego,
VANT-BLIND-094FDF9419,Micasense Altum,4.0,92.76,5.02,GeoTIFF_5Bandas_Refletancia_Calibrada,D26_FracaoAreaErodida_Cego,
VANT-BLIND-0AB7C213CD,Micasense Altum,4.0,92.76,5.02,GeoTIFF_5Bandas_Refletancia_Calibrada,D26_FracaoAreaErodida_Cego,
VANT-BLIND-0EF3AB9500,Micasense Altum,4.0,92.76,5.02,GeoTIFF_5Bandas_Refletancia_Calibrada,D26_FracaoAreaErodida_Cego,
VANT-BLIND-11D8DC7FD9,Micasense Altum,4.0,92.76,5.02,GeoTIFF_5Bandas_Refletancia_Calibrada,D26_FracaoAreaErodida_Cego,
VANT-BLIND-14046D5BDB,Micasense Altum,4.0,92.76,5.02,GeoTIFF_5Bandas_Refletancia_Calibrada,D26_FracaoAreaErodida_Cego,
VANT-BLIND-1820585671,Micasense Altum,4.0,92.76,5.02,GeoTIFF_5Bandas_Refletancia_Calibrada,D26_FracaoAreaErodida_Cego,
VANT-BLIND-21BC318A1F,Micasense Altum,4.0,92.76,5.02,GeoTIFF_5Bandas_Refletancia_Calibrada,D26_FracaoAreaErodida_Cego,
VANT-BLIND-25651FF028,Micasense Altum,4.0,92.76,5.02,GeoTIFF_5Bandas_Refletancia_Calibrada,D26_FracaoAreaErodida_Cego,
VANT-BLIND-2713CADC99,Micasense Altum,4.0,92.76,5.02,GeoTIFF_5Bandas_Refletancia_Calibrada,D26_FracaoAreaErodida_Cego,
VANT-BLIND-29888F632E,Micasense Altum,4.0,92.76,5.02,GeoTIFF_5Bandas_Refletancia_Calibrada,D26_FracaoAreaErodida_Cego,
VANT-BLIND-2E2F110DB3,Micasense Altum,4.0,92.76,5.02,GeoTIFF_5Bandas_Refletancia_Calibrada,D26_FracaoAreaErodida_Cego,
VANT-BLIND-2E436342E3,Micasense Altum,4.0,92.76,5.02,GeoTIFF_5Bandas_Refletancia_Calibrada,D26_FracaoAreaErodida_Cego,
VANT-BLIND-32905B2C43,Micasense Altum,4.0,92.76,5.02,GeoTIFF_5Bandas_Refletancia_Calibrada,D26_FracaoAreaErodida_Cego,
VANT-BLIND-36DA150112,Micasense Altum,4.0,92.76,5.02,GeoTIFF_5Bandas_Refletancia_Calibrada,D26_FracaoAreaErodida_Cego,
VANT-BLIND-396E15AC74,Micasense Altum,4.0,92.76,5.02,GeoTIFF_5Bandas_Refletancia_Calibrada,D26_FracaoAreaErodida_Cego,
VANT-BLIND-399DF20A4D,Micasense Altum,4.0,92.76,5.02,GeoTIFF_5Bandas_Refletancia_Calibrada,D26_FracaoAreaErodida_Cego,
VANT-BLIND-3F2257D292,Micasense Altum,4.0,92.76,5.02,GeoTIFF_5Bandas_Refletancia_Calibrada,D26_FracaoAreaErodida_Cego,
VANT-BLIND-40F808213A,Micasense Altum,4.0,92.76,5.02,GeoTIFF_5Bandas_Refletancia_Calibrada,D26_FracaoAreaErodida_Cego,
VANT-BLIND-4631056A43,Micasense Altum,4.0,92.76,5.02,GeoTIFF_5Bandas_Refletancia_Calibrada,D26_FracaoAreaErodida_Cego,
VANT-BLIND-48A319B3C6,Micasense Altum,4.0,92.76,5.02,GeoTIFF_5Bandas_Refletancia_Calibrada,D26_FracaoAreaErodida_Cego,
VANT-BLIND-48DF5A5060,Micasense Altum,4.0,92.76,5.02,GeoTIFF_5Bandas_Refletancia_Calibrada,D26_FracaoAreaErodida_Cego,
VANT-BLIND-49ADDBEE4F,Micasense Altum,4.0,92.76,5.02,GeoTIFF_5Bandas_Refletancia_Calibrada,D26_FracaoAreaErodida_Cego,
VANT-BLIND-4AC592F819,Micasense Altum,4.0,92.76,5.02,GeoTIFF_5Bandas_Refletancia_Calibrada,D26_FracaoAreaErodida_Cego,
VANT-BLIND-50300460A0,Micasense Altum,4.0,92.76,5.02,GeoTIFF_5Bandas_Refletancia_Calibrada,D26_FracaoAreaErodida_Cego,
VANT-BLIND-51CFBD27CB,Micasense Altum,4.0,92.76,5.02,GeoTIFF_5Bandas_Refletancia_Calibrada,D26_FracaoAreaErodida_Cego,
VANT-BLIND-662B1C8EAE,Micasense Altum,4.0,92.76,5.02,GeoTIFF_5Bandas_Refletancia_Calibrada,D26_FracaoAreaErodida_Cego,
VANT-BLIND-6A278874A5,Micasense Altum,4.0,92.76,5.02,GeoTIFF_5Bandas_Refletancia_Calibrada,D26_FracaoAreaErodida_Cego,
VANT-BLIND-6A3536CCF7,Micasense Altum,4.0,92.76,5.02,GeoTIFF_5Bandas_Refletancia_Calibrada,D26_FracaoAreaErodida_Cego,
VANT-BLIND-6A46C1F9DD,Micasense Altum,4.0,92.76,5.02,GeoTIFF_5Bandas_Refletancia_Calibrada,D26_FracaoAreaErodida_Cego,
VANT-BLIND-71487C3D1C,Micasense Altum,4.0,92.76,5.02,GeoTIFF_5Bandas_Refletancia_Calibrada,D26_FracaoAreaErodida_Cego,
VANT-BLIND-75A97B0FC9,Micasense Altum,4.0,92.76,5.02,GeoTIFF_5Bandas_Refletancia_Calibrada,D26_FracaoAreaErodida_Cego,
VANT-BLIND-76E7779831,Micasense Altum,4.0,92.76,5.02,GeoTIFF_5Bandas_Refletancia_Calibrada,D26_FracaoAreaErodida_Cego,
VANT-BLIND-799D4B171C,Micasense Altum,4.0,92.76,5.02,GeoTIFF_5Bandas_Refletancia_Calibrada,D26_FracaoAreaErodida_Cego,
VANT-BLIND-7B29A705B0,Micasense Altum,4.0,92.76,5.02,GeoTIFF_5Bandas_Refletancia_Calibrada,D26_FracaoAreaErodida_Cego,
VANT-BLIND-7CB2E0A894,Micasense Altum,4.0,92.76,5.02,GeoTIFF_5Bandas_Refletancia_Calibrada,D26_FracaoAreaErodida_Cego,
VANT-BLIND-818BA35319,Micasense Altum,4.0,92.76,5.02,GeoTIFF_5Bandas_Refletancia_Calibrada,D26_FracaoAreaErodida_Cego,
VANT-BLIND-88F6151BB9,Micasense Altum,4.0,92.76,5.02,GeoTIFF_5Bandas_Refletancia_Calibrada,D26_FracaoAreaErodida_Cego,
VANT-BLIND-9244ADCAF0,Micasense Altum,4.0,92.76,5.02,GeoTIFF_5Bandas_Refletancia_Calibrada,D26_FracaoAreaErodida_Cego,
VANT-BLIND-92CEE360E4,Micasense Altum,4.0,92.76,5.02,GeoTIFF_5Bandas_Refletancia_Calibrada,D26_FracaoAreaErodida_Cego,
VANT-BLIND-98CF344AB3,Micasense Altum,4.0,92.76,5.02,GeoTIFF_5Bandas_Refletancia_Calibrada,D26_FracaoAreaErodida_Cego,
VANT-BLIND-9B2CCC255E,Micasense Altum,4.0,92.76,5.02,GeoTIFF_5Bandas_Refletancia_Calibrada,D26_FracaoAreaErodida_Cego,
VANT-BLIND-9F7D1CFED5,Micasense Altum,4.0,92.76,5.02,GeoTIFF_5Bandas_Refletancia_Calibrada,D26_FracaoAreaErodida_Cego,
VANT-BLIND-9FEFB691A5,Micasense Altum,4.0,92.76,5.02,GeoTIFF_5Bandas_Refletancia_Calibrada,D26_FracaoAreaErodida_Cego,
VANT-BLIND-A03F6D748E,Micasense Altum,4.0,92.76,5.02,GeoTIFF_5Bandas_Refletancia_Calibrada,D26_FracaoAreaErodida_Cego,
VANT-BLIND-A0924D3BF5,Micasense Altum,4.0,92.76,5.02,GeoTIFF_5Bandas_Refletancia_Calibrada,D26_FracaoAreaErodida_Cego,
VANT-BLIND-ADF916215F,Micasense Altum,4.0,92.76,5.02,GeoTIFF_5Bandas_Refletancia_Calibrada,D26_FracaoAreaErodida_Cego,
VANT-BLIND-AEF88BC74A,Micasense Altum,4.0,92.76,5.02,GeoTIFF_5Bandas_Refletancia_Calibrada,D26_FracaoAreaErodida_Cego,
VANT-BLIND-B9A7918E8E,Micasense Altum,4.0,92.76,5.02,GeoTIFF_5Bandas_Refletancia_Calibrada,D26_FracaoAreaErodida_Cego,
VANT-BLIND-BA835E844B,Micasense Altum,4.0,92.76,5.02,GeoTIFF_5Bandas_Refletancia_Calibrada,D26_FracaoAreaErodida_Cego,
VANT-BLIND-BEDC40B8C5,Micasense Altum,4.0,92.76,5.02,GeoTIFF_5Bandas_Refletancia_Calibrada,D26_FracaoAreaErodida_Cego,
VANT-BLIND-C382C65AC5,Micasense Altum,4.0,92.76,5.02,GeoTIFF_5Bandas_Refletancia_Calibrada,D26_FracaoAreaErodida_Cego,
VANT-BLIND-C701E2599A,Micasense Altum,4.0,92.76,5.02,GeoTIFF_5Bandas_Refletancia_Calibrada,D26_FracaoAreaErodida_Cego,
VANT-BLIND-CA6E1EDAEF,Micasense Altum,4.0,92.76,5.02,GeoTIFF_5Bandas_Refletancia_Calibrada,D26_FracaoAreaErodida_Cego,
VANT-BLIND-CF6663BA11,Micasense Altum,4.0,92.76,5.02,GeoTIFF_5Bandas_Refletancia_Calibrada,D26_FracaoAreaErodida_Cego,
VANT-BLIND-D1C2181C4F,Micasense Altum,4.0,92.76,5.02,GeoTIFF_5Bandas_Refletancia_Calibrada,D26_FracaoAreaErodida_Cego,
VANT-BLIND-D2C3558FB3,Micasense Altum,4.0,92.76,5.02,GeoTIFF_5Bandas_Refletancia_Calibrada,D26_FracaoAreaErodida_Cego,
VANT-BLIND-D325E89C43,Micasense Altum,4.0,92.76,5.02,GeoTIFF_5Bandas_Refletancia_Calibrada,D26_FracaoAreaErodida_Cego,
VANT-BLIND-D4517D4B24,Micasense Altum,4.0,92.76,5.02,GeoTIFF_5Bandas_Refletancia_Calibrada,D26_FracaoAreaErodida_Cego,
VANT-BLIND-DA81865532,Micasense Altum,4.0,92.76,5.02,GeoTIFF_5Bandas_Refletancia_Calibrada,D26_FracaoAreaErodida_Cego,
VANT-BLIND-DC9656853D,Micasense Altum,4.0,92.76,5.02,GeoTIFF_5Bandas_Refletancia_Calibrada,D26_FracaoAreaErodida_Cego,
VANT-BLIND-DE751A4021,Micasense Altum,4.0,92.76,5.02,GeoTIFF_5Bandas_Refletancia_Calibrada,D26_FracaoAreaErodida_Cego,
VANT-BLIND-E7B2D6D593,Micasense Altum,4.0,92.76,5.02,GeoTIFF_5Bandas_Refletancia_Calibrada,D26_FracaoAreaErodida_Cego,
VANT-BLIND-E820840663,Micasense Altum,4.0,92.76,5.02,GeoTIFF_5Bandas_Refletancia_Calibrada,D26_FracaoAreaErodida_Cego,
VANT-BLIND-E93B32C13F,Micasense Altum,4.0,92.76,5.02,GeoTIFF_5Bandas_Refletancia_Calibrada,D26_FracaoAreaErodida_Cego,
VANT-BLIND-EADE365413,Micasense Altum,4.0,92.76,5.02,GeoTIFF_5Bandas_Refletancia_Calibrada,D26_FracaoAreaErodida_Cego,
VANT-BLIND-EF80A3F754,Micasense Altum,4.0,92.76,5.02,GeoTIFF_5Bandas_Refletancia_Calibrada,D26_FracaoAreaErodida_Cego,
VANT-BLIND-F02D55B9B1,Micasense Altum,4.0,92.76,5.02,GeoTIFF_5Bandas_Refletancia_Calibrada,D26_FracaoAreaErodida_Cego,
VANT-BLIND-F0317148F4,Micasense Altum,4.0,92.76,5.02,GeoTIFF_5Bandas_Refletancia_Calibrada,D26_FracaoAreaErodida_Cego,
VANT-BLIND-F4B9E422B7,Micasense Altum,4.0,92.76,5.02,GeoTIFF_5Bandas_Refletancia_Calibrada,D26_FracaoAreaErodida_Cego,
VANT-BLIND-FBFCE99250,Micasense Altum,4.0,92.76,5.02,GeoTIFF_5Bandas_Refletancia_Calibrada,D26_FracaoAreaErodida_Cego,