idJornada,ordemNaJornada,idPoligono,codigoOpacoInterprete,estratoId,papelConjunto,municipio,codigoCar,centroideLat,centroideLon,areaPoligonoHa,formaPoligono,aspectoMedidoGraus,anguloAdotadoGraus,conflitoOrientacaoImovel,desnivelMetros,aglDesejadaMetros,altitudeRelativaMinMetros,altitudeRelativaMaxMetros,distanciaDesdeAnteriorKm,comprimentoVooMetros,tempoVooEstimadoMinutosMin,tempoVooEstimadoMinutosMax,numeroTransectos,cameraShots
JORNADA_01,1,D16_E_1_1_1_Q01,VANT-BLIND-D4B1C45E10,E_1_1_1,treino,"Toledo",PR-4115200-1001A9B8C7D6E5F4,-24.750000,-53.720000,5.02,retangulo_158x317m,17.55,17.55,false,4.35,92.76,90.14,94.49,0.000,1604.1,2.91,3.07,5,130
JORNADA_01,2,D16_E_1_1_1_Q02,VANT-BLIND-51ECD60EAD,E_1_1_1,treino,"Cascavel",PR-4115200-1002A9B8C7D6E5F4,-24.795000,-53.728000,5.02,quadrado_224x224m,329.05,329.05,false,10.37,92.76,58.04,68.42,5.069,1906.5,3.45,3.65,7,155
JORNADA_01,3,D16_E_1_1_1_Q03,VANT-BLIND-8FE6915093,E_1_1_1,held-out,"Marechal Cândido Rondon",PR-4115200-1003A9B8C7D6E5F4,-24.840000,-53.736000,5.02,quadrado_224x224m,317.48,317.48,false,10.67,92.76,6.40,17.07,5.068,1906.5,3.45,3.65,7,155
JORNADA_01,4,D16_E_1_1_1_Q04,VANT-BLIND-44D07FB291,E_1_1_1,held-out,"Santa Helena",PR-4115200-1004A9B8C7D6E5F4,-24.885000,-53.744000,5.02,retangulo_158x317m,290.28,290.28,false,3.83,92.76,-23.71,-19.87,5.068,1604.1,2.91,3.07,5,130
JORNADA_01,5,D16_E_1_1_2_Q01,VANT-BLIND-D0B4C29684,E_1_1_2,treino,"Medianeira",PR-4115200-1005A9B8C7D6E5F4,-24.930000,-53.720000,5.02,retangulo_158x317m,170.49,170.49,false,7.98,92.76,31.25,39.23,5.558,1604.1,2.91,3.07,5,130
JORNADA_01,6,D16_E_1_1_2_Q02,VANT-BLIND-E5528241CB,E_1_1_2,treino,"São Miguel do Iguaçu",PR-4115200-1006A9B8C7D6E5F4,-24.975000,-53.728000,5.02,quadrado_224x224m,209.83,0.00,true,13.38,92.76,48.86,62.24,5.068,1906.5,3.45,3.65,7,155
JORNADA_02,1,D16_E_1_2_2_Q01,VANT-BLIND-0D01EB0F80,E_1_2_2,treino,"Toledo",PR-4115200-1013A9B8C7D6E5F4,-24.762000,-53.775000,5.02,retangulo_158x317m,188.59,188.59,false,9.91,92.76,87.53,97.44,0.000,1604.1,2.91,3.07,5,130
JORNADA_02,2,D16_E_1_2_2_Q02,VANT-BLIND-B865413EE8,E_1_2_2,treino,"Cascavel",PR-4115200-1014A9B8C7D6E5F4,-24.807000,-53.783000,5.02,quadrado_224x224m,255.80,255.80,false,6.93,92.76,92.58,99.51,5.069,1629.4,2.95,3.12,6,132
JORNADA_02,3,D16_E_1_2_2_Q03,VANT-BLIND-0C267F8E93,E_1_2_2,held-out,"Marechal Cândido Rondon",PR-4115200-1015A9B8C7D6E5F4,-24.852000,-53.791000,5.02,quadrado_224x224m,313.36,313.36,false,9.20,92.76,60.80,70.00,5.068,1906.5,3.45,3.65,7,155
JORNADA_02,4,D16_E_1_2_2_Q04,VANT-BLIND-D20D488E04,E_1_2_2,held-out,"Santa Helena",PR-4115200-1016A9B8C7D6E5F4,-24.897000,-53.799000,5.02,retangulo_158x317m,355.82,355.82,false,11.24,92.76,20.19,31.43,5.068,1931.6,3.50,3.70,6,157
JORNADA_02,5,D16_E_1_3_1_Q01,VANT-BLIND-66308360FF,E_1_3_1,treino,"Medianeira",PR-4115200-1017A9B8C7D6E5F4,-24.942000,-53.775000,5.02,retangulo_158x317m,348.02,348.02,false,7.31,92.76,45.00,52.31,5.558,1604.1,2.91,3.07,5,130
JORNADA_02,6,D16_E_1_3_1_Q02,VANT-BLIND-E5CF678A9F,E_1_3_1,treino,"São Miguel do Iguaçu",PR-4115200-1018A9B8C7D6E5F4,-24.987000,-53.783000,5.02,quadrado_224x224m,253.67,253.67,false,7.14,92.76,24.07,31.21,5.068,1629.4,2.95,3.12,6,132
JORNADA_03,1,D16_E_2_1_1_Q01,VANT-BLIND-71CF0916BA,E_2_1_1,treino,"Toledo",PR-4115200-1025A9B8C7D6E5F4,-24.774000,-53.830000,5.02,retangulo_158x317m,211.67,211.67,false,8.50,92.76,88.62,97.12,0.000,1931.6,3.50,3.70,6,157
JORNADA_03,2,D16_E_2_1_1_Q02,VANT-BLIND-74360A6355,E_2_1_1,treino,"Cascavel",PR-4115200-1026A9B8C7D6E5F4,-24.819000,-53.838000,5.02,quadrado_224x224m,218.02,218.02,false,11.71,92.76,94.28,105.99,5.069,1906.5,3.45,3.65,7,155
JORNADA_03,3,D16_E_2_1_1_Q03,VANT-BLIND-640EF82943,E_2_1_1,held-out,"Marechal Cândido Rondon",PR-4115200-1027A9B8C7D6E5F4,-24.864000,-53.846000,5.02,quadrado_224x224m,218.16,218.16,false,8.52,92.76,101.85,110.37,5.068,1906.5,3.45,3.65,7,155
JORNADA_03,4,D16_E_2_1_1_Q04,VANT-BLIND-C38452F065,E_2_1_1,held-out,"Santa Helena",PR-4115200-1028A9B8C7D6E5F4,-24.909000,-53.854000,5.02,retangulo_158x317m,50.35,50.35,false,3.32,92.76,107.39,110.71,5.068,1931.6,3.50,3.70,6,157
JORNADA_03,5,D16_E_2_1_2_Q01,VANT-BLIND-DF61F2D64E,E_2_1_2,treino,"Medianeira",PR-4115200-1029A9B8C7D6E5F4,-24.954000,-53.830000,5.02,retangulo_158x317m,336.77,336.77,false,10.46,92.76,133.42,143.88,5.558,1604.1,2.91,3.07,5,130
JORNADA_03,6,D16_E_2_1_2_Q02,VANT-BLIND-D2C18B3CCB,E_2_1_2,treino,"São Miguel do Iguaçu",PR-4115200-1030A9B8C7D6E5F4,-24.999000,-53.838000,5.02,quadrado_224x224m,320.32,320.32,false,11.45,92.76,84.53,95.99,5.068,1906.5,3.45,3.65,7,155
JORNADA_04,1,D16_E_2_2_2_Q01,VANT-BLIND-0DE819BB08,E_2_2_2,treino,"Toledo",PR-4115200-1037A9B8C7D6E5F4,-24.786000,-53.885000,5.02,retangulo_158x317m,321.81,321.81,false,10.70,92.76,87.49,98.19,0.000,1931.6,3.50,3.70,6,157
JORNADA_04,2,D16_E_2_2_2_Q02,VANT-BLIND-8F4A02A6DF,E_2_2_2,treino,"Cascavel",PR-4115200-1038A9B8C7D6E5F4,-24.831000,-53.893000,5.02,quadrado_224x224m,264.05,264.05,false,7.38,92.76,56.55,63.93,5.069,1906.5,3.45,3.65,7,155
JORNADA_04,3,D16_E_2_2_2_Q03,VANT-BLIND-18B38A2665,E_2_2_2,held-out,"Marechal Cândido Rondon",PR-4115200-1039A9B8C7D6E5F4,-24.876000,-53.901000,5.02,quadrado_224x224m,201.32,201.32,false,8.26,92.76,53.04,61.30,5.068,1906.5,3.45,3.65,7,155
JORNADA_04,4,D16_E_2_2_2_Q04,VANT-BLIND-50D0AA617D,E_2_2_2,held-out,"Santa Helena",PR-4115200-1040A9B8C7D6E5F4,-24.921000,-53.909000,5.02,retangulo_158x317m,157.15,157.15,false,11.83,92.76,81.90,93.73,5.068,1604.1,2.91,3.07,5,130
JORNADA_04,5,D16_E_2_3_1_Q01,VANT-BLIND-F751C1DCC9,E_2_3_1,treino,"Medianeira",PR-4115200-1041A9B8C7D6E5F4,-24.966000,-53.885000,5.02,retangulo_158x317m,234.78,234.78,false,7.85,92.76,144.85,152.70,5.558,1931.6,3.50,3.70,6,157
JORNADA_04,6,D16_E_2_3_1_Q02,VANT-BLIND-3CDD8E441A,E_2_3_1,treino,"São Miguel do Iguaçu",PR-4115200-1042A9B8C7D6E5F4,-25.011000,-53.893000,5.02,quadrado_224x224m,300.43,300.43,false,8.70,92.76,121.61,130.31,5.068,1906.5,3.45,3.65,7,155
JORNADA_05,1,D16_E_3_1_1_Q01,VANT-BLIND-6E86C959CF,E_3_1_1,treino,"Toledo",PR-4115200-1049A9B8C7D6E5F4,-24.798000,-53.940000,5.02,retangulo_158x317m,317.87,317.87,false,11.79,92.76,86.61,98.40,0.000,1604.1,2.91,3.07,5,130
JORNADA_05,2,D16_E_3_1_1_Q02,VANT-BLIND-8C5223C1AD,E_3_1_1,treino,"Cascavel",PR-4115200-1050A9B8C7D6E5F4,-24.843000,-53.948000,5.02,quadrado_224x224m,324.88,324.88,false,11.11,92.76,35.14,46.25,5.068,1906.5,3.45,3.65,7,155
JORNADA_05,3,D16_E_3_1_1_Q03,VANT-BLIND-58E58C0C15,E_3_1_1,held-out,"Marechal Cândido Rondon",PR-4115200-1051A9B8C7D6E5F4,-24.888000,-53.956000,5.02,quadrado_224x224m,350.04,350.04,false,4.47,92.76,2.23,6.70,5.068,1906.5,3.45,3.65,7,155
JORNADA_05,4,D16_E_3_1_1_Q04,VANT-BLIND-76B59C7039,E_3_1_1,held-out,"Santa Helena",PR-4115200-1052A9B8C7D6E5F4,-24.933000,-53.964000,5.02,retangulo_158x317m,123.61,123.61,false,8.10,92.76,7.90,16.00,5.068,1931.6,3.50,3.70,6,157
JORNADA_05,5,D16_E_3_1_2_Q01,VANT-BLIND-81B98C7D7D,E_3_1_2,treino,"Medianeira",PR-4115200-1053A9B8C7D6E5F4,-24.978000,-53.940000,5.02,retangulo_158x317m,216.42,216.42,false,13.55,92.76,54.50,68.06,5.558,1931.6,3.50,3.70,6,157
JORNADA_05,6,D16_E_3_1_2_Q02,VANT-BLIND-8BFB12DD23,E_3_1_2,treino,"São Miguel do Iguaçu",PR-4115200-1054A9B8C7D6E5F4,-25.023000,-53.948000,5.02,quadrado_224x224m,219.89,219.89,false,10.34,92.76,62.52,72.86,5.068,1906.5,3.45,3.65,7,155
JORNADA_06,1,D16_E_3_2_2_Q01,VANT-BLIND-E19E437110,E_3_2_2,treino,"Toledo",PR-4115200-1061A9B8C7D6E5F4,-24.810000,-53.995000,5.02,retangulo_158x317m,236.56,236.56,false,10.65,92.76,87.21,97.86,0.000,1931.6,3.50,3.70,6,157
JORNADA_06,2,D16_E_3_2_2_Q02,VANT-BLIND-2447875213,E_3_2_2,treino,"Cascavel",PR-4115200-1062A9B8C7D6E5F4,-24.855000,-54.003000,5.02,quadrado_224x224m,302.14,302.14,false,6.50,92.76,70.71,77.20,5.068,1906.5,3.45,3.65,7,155
JORNADA_06,3,D16_E_3_2_2_Q03,VANT-BLIND-5FE5067716,E_3_2_2,held-out,"Marechal Cândido Rondon",PR-4115200-1063A9B8C7D6E5F4,-24.900000,-54.011000,5.02,quadrado_224x224m,10.09,10.09,false,9.09,92.76,42.33,51.42,5.068,1906.5,3.45,3.65,7,155
JORNADA_06,4,D16_E_3_2_2_Q04,VANT-BLIND-284C049C27,E_3_2_2,held-out,"Santa Helena",PR-4115200-1064A9B8C7D6E5F4,-24.945000,-54.019000,5.02,retangulo_158x317m,40.23,40.23,false,12.59,92.76,25.76,38.35,5.068,1931.6,3.50,3.70,6,157
JORNADA_06,5,D16_E_3_3_1_Q01,VANT-BLIND-39BC50496E,E_3_3_1,treino,"Medianeira",PR-4115200-1065A9B8C7D6E5F4,-24.990000,-53.995000,5.02,retangulo_158x317m,280.82,280.82,false,8.97,92.76,23.70,32.67,5.558,1604.1,2.91,3.07,5,130
JORNADA_06,6,D16_E_3_3_1_Q02,VANT-BLIND-E0D2666F6B,E_3_3_1,treino,"São Miguel do Iguaçu",PR-4115200-1066A9B8C7D6E5F4,-25.035000,-54.003000,5.02,quadrado_224x224m,218.62,218.62,false,8.03,92.76,11.30,19.33,5.068,1906.5,3.45,3.65,7,155
JORNADA_07,1,D16_E_1_1_2_Q03,VANT-BLIND-A448E6133F,E_1_1_2,held-out,"Toledo",PR-4115200-1007A9B8C7D6E5F4,-25.020000,-53.736000,5.02,quadrado_224x224m,233.50,233.50,false,9.29,92.76,87.97,97.25,0.000,1906.5,3.45,3.65,7,155
JORNADA_07,2,D16_E_1_1_2_Q04,VANT-BLIND-D1FE82248C,E_1_1_2,held-out,"Cascavel",PR-4115200-1008A9B8C7D6E5F4,-25.065000,-53.744000,5.02,retangulo_158x317m,310.84,310.84,false,5.55,92.76,77.00,82.54,5.068,1931.6,3.50,3.70,6,157
JORNADA_07,3,D16_E_1_2_1_Q01,VANT-BLIND-4CD39D91B0,E_1_2_1,treino,"Marechal Cândido Rondon",PR-4115200-1009A9B8C7D6E5F4,-25.110000,-53.720000,5.02,retangulo_158x317m,7.24,7.24,false,10.35,92.76,102.38,112.73,5.557,1931.6,3.50,3.70,6,157
JORNADA_07,4,D16_E_1_2_1_Q02,VANT-BLIND-254A66281A,E_1_2_1,treino,"Santa Helena",PR-4115200-1010A9B8C7D6E5F4,-25.155000,-53.728000,5.02,quadrado_224x224m,327.28,327.28,false,10.19,92.76,65.26,75.45,5.068,1906.5,3.45,3.65,7,155
JORNADA_07,5,D16_E_1_2_1_Q03,VANT-BLIND-567C44C6CC,E_1_2_1,held-out,"Medianeira",PR-4115200-1011A9B8C7D6E5F4,-25.200000,-53.736000,5.02,quadrado_224x224m,285.56,285.56,false,7.60,92.76,26.23,33.83,5.068,1629.4,2.95,3.12,6,132
JORNADA_07,6,D16_E_1_2_1_Q04,VANT-BLIND-61B989A28E,E_1_2_1,held-out,"São Miguel do Iguaçu",PR-4115200-1012A9B8C7D6E5F4,-25.245000,-53.744000,5.02,retangulo_158x317m,206.98,206.98,false,7.81,92.76,15.09,22.90,5.068,1931.6,3.50,3.70,6,157
JORNADA_08,1,D16_E_1_3_1_Q03,VANT-BLIND-A2291DCF89,E_1_3_1,held-out,"Toledo",PR-4115200-1019A9B8C7D6E5F4,-25.032000,-53.791000,5.02,quadrado_224x224m,217.64,217.64,false,10.40,92.76,87.74,98.14,0.000,1906.5,3.45,3.65,7,155
JORNADA_08,2,D16_E_1_3_1_Q04,VANT-BLIND-0C2C17A817,E_1_3_1,held-out,"Cascavel",PR-4115200-1020A9B8C7D6E5F4,-25.077000,-53.799000,5.02,retangulo_158x317m,184.55,184.55,false,10.40,92.76,104.87,115.27,5.068,1931.6,3.50,3.70,6,157
JORNADA_08,3,D16_E_1_3_2_Q01,VANT-BLIND-5E7CC6AF5E,E_1_3_2,treino,"Marechal Cândido Rondon",PR-4115200-1021A9B8C7D6E5F4,-25.122000,-53.775000,5.02,retangulo_158x317m,205.46,205.46,false,3.53,92.76,177.25,180.78,5.557,1604.1,2.91,3.07,5,130
JORNADA_08,4,D16_E_1_3_2_Q02,VANT-BLIND-884FFC926F,E_1_3_2,treino,"Santa Helena",PR-4115200-1022A9B8C7D6E5F4,-25.167000,-53.783000,5.02,quadrado_224x224m,308.42,308.42,false,8.62,92.76,156.20,164.82,5.068,1906.5,3.45,3.65,7,155
JORNADA_08,5,D16_E_1_3_2_Q03,VANT-BLIND-E509E65139,E_1_3_2,held-out,"Medianeira",PR-4115200-1023A9B8C7D6E5F4,-25.212000,-53.791000,5.02,quadrado_224x224m,325.45,325.45,false,11.34,92.76,106.27,117.61,5.068,1906.5,3.45,3.65,7,155
JORNADA_08,6,D16_E_1_3_2_Q04,VANT-BLIND-257B02BC42,E_1_3_2,held-out,"São Miguel do Iguaçu",PR-4115200-1024A9B8C7D6E5F4,-25.257000,-53.799000,5.02,retangulo_158x317m,354.02,354.02,false,7.91,92.76,67.72,75.63,5.068,1931.6,3.50,3.70,6,157
JORNADA_09,1,D16_E_2_1_2_Q03,VANT-BLIND-6BB02F18A7,E_2_1_2,held-out,"Toledo",PR-4115200-1031A9B8C7D6E5F4,-25.044000,-53.846000,5.02,quadrado_224x224m,302.69,302.69,false,6.02,92.76,90.09,96.11,0.000,1906.5,3.45,3.65,7,155
JORNADA_09,2,D16_E_2_1_2_Q04,VANT-BLIND-329BEE42A7,E_2_1_2,held-out,"Cascavel",PR-4115200-1032A9B8C7D6E5F4,-25.089000,-53.854000,5.02,retangulo_158x317m,161.09,161.09,false,6.07,92.76,87.14,93.20,5.068,1604.1,2.91,3.07,5,130
JORNADA_09,3,D16_E_2_2_1_Q01,VANT-BLIND-AD799C2FED,E_2_2_1,treino,"Marechal Cândido Rondon",PR-4115200-1033A9B8C7D6E5F4,-25.134000,-53.830000,5.02,retangulo_158x317m,200.43,200.43,false,11.91,92.76,155.06,166.97,5.557,1604.1,2.91,3.07,5,130
JORNADA_09,4,D16_E_2_2_1_Q02,VANT-BLIND-D8456A1481,E_2_2_1,treino,"Santa Helena",PR-4115200-1034A9B8C7D6E5F4,-25.179000,-53.838000,5.02,quadrado_224x224m,226.47,226.47,false,10.20,92.76,165.44,175.63,5.068,1906.5,3.45,3.65,7,155
JORNADA_09,5,D16_E_2_2_1_Q03,VANT-BLIND-4DBF68ACEF,E_2_2_1,held-out,"Medianeira",PR-4115200-1035A9B8C7D6E5F4,-25.224000,-53.846000,5.02,quadrado_224x224m,274.80,274.80,false,5.16,92.76,158.12,163.28,5.068,1906.5,3.45,3.65,7,155
JORNADA_09,6,D16_E_2_2_1_Q04,VANT-BLIND-DE805F4974,E_2_2_1,held-out,"São Miguel do Iguaçu",PR-4115200-1036A9B8C7D6E5F4,-25.269000,-53.854000,5.02,retangulo_158x317m,12.36,12.36,false,9.30,92.76,136.00,145.31,5.068,1604.1,2.91,3.07,5,130
JORNADA_10,1,D16_E_2_3_1_Q03,VANT-BLIND-5D48CA797C,E_2_3_1,held-out,"Toledo",PR-4115200-1043A9B8C7D6E5F4,-25.056000,-53.901000,5.02,quadrado_224x224m,341.81,341.81,false,9.70,92.76,87.97,97.67,0.000,1629.4,2.95,3.12,6,132
JORNADA_10,2,D16_E_2_3_1_Q04,VANT-BLIND-41D5E370EC,E_2_3_1,held-out,"Cascavel",PR-4115200-1044A9B8C7D6E5F4,-25.101000,-53.909000,5.02,retangulo_158x317m,27.33,27.33,false,9.91,92.76,60.39,70.30,5.068,1931.6,3.50,3.70,6,157
JORNADA_10,3,D16_E_2_3_2_Q01,VANT-BLIND-E2281ACFA9,E_2_3_2,treino,"Marechal Cândido Rondon",PR-4115200-1045A9B8C7D6E5F4,-25.146000,-53.885000,5.02,retangulo_158x317m,272.04,272.04,false,6.45,92.76,87.08,93.53,5.557,1931.6,3.50,3.70,6,157
JORNADA_10,4,D16_E_2_3_2_Q02,VANT-BLIND-F8AC748122,E_2_3_2,treino,"Santa Helena",PR-4115200-1046A9B8C7D6E5F4,-25.191000,-53.893000,5.02,quadrado_224x224m,225.57,225.57,false,10.20,92.76,75.68,85.88,5.068,1906.5,3.45,3.65,7,155
JORNADA_10,5,D16_E_2_3_2_Q03,VANT-BLIND-027DC440A0,E_2_3_2,held-out,"Medianeira",PR-4115200-1047A9B8C7D6E5F4,-25.236000,-53.901000,5.02,quadrado_224x224m,198.08,198.08,false,9.78,92.76,86.56,96.34,5.068,1629.4,2.95,3.12,6,132
JORNADA_10,6,D16_E_2_3_2_Q04,VANT-BLIND-09E61AF205,E_2_3_2,held-out,"São Miguel do Iguaçu",PR-4115200-1048A9B8C7D6E5F4,-25.281000,-53.909000,5.02,retangulo_158x317m,140.32,140.32,false,7.91,92.76,113.14,121.06,5.068,1931.6,3.50,3.70,6,157
JORNADA_11,1,D16_E_3_1_2_Q03,VANT-BLIND-C56F712348,E_3_1_2,held-out,"Toledo",PR-4115200-1055A9B8C7D6E5F4,-25.068000,-53.956000,5.02,quadrado_224x224m,223.52,223.52,false,2.01,92.76,91.72,93.73,0.000,1906.5,3.45,3.65,7,155
JORNADA_11,2,D16_E_3_1_2_Q04,VANT-BLIND-1432EB5EB5,E_3_1_2,held-out,"Cascavel",PR-4115200-1056A9B8C7D6E5F4,-25.113000,-53.964000,5.02,retangulo_158x317m,39.80,39.80,false,10.88,92.76,85.32,96.20,5.068,1931.6,3.50,3.70,6,157
JORNADA_11,3,D16_E_3_2_1_Q01,VANT-BLIND-D500EF43BE,E_3_2_1,treino,"Marechal Cândido Rondon",PR-4115200-1057A9B8C7D6E5F4,-25.158000,-53.940000,5.02,retangulo_158x317m,324.46,324.46,false,13.74,92.76,82.89,96.62,5.556,1931.6,3.50,3.70,6,157
JORNADA_11,4,D16_E_3_2_1_Q02,VANT-BLIND-FD9F20E7A4,E_3_2_1,treino,"Santa Helena",PR-4115200-1058A9B8C7D6E5F4,-25.203000,-53.948000,5.02,quadrado_224x224m,308.35,308.35,false,8.34,92.76,37.38,45.71,5.068,1906.5,3.45,3.65,7,155
JORNADA_11,5,D16_E_3_2_1_Q03,VANT-BLIND-35CFF9B5F3,E_3_2_1,held-out,"Medianeira",PR-4115200-1059A9B8C7D6E5F4,-25.248000,-53.956000,5.02,quadrado_224x224m,195.00,195.00,false,3.00,92.76,23.37,26.37,5.068,1629.4,2.95,3.12,6,132
JORNADA_11,6,D16_E_3_2_1_Q04,VANT-BLIND-19F2CE3B47,E_3_2_1,held-out,"São Miguel do Iguaçu",PR-4115200-1060A9B8C7D6E5F4,-25.293000,-53.964000,5.02,retangulo_158x317m,147.23,147.23,false,12.37,92.76,47.44,59.81,5.068,1931.6,3.50,3.70,6,157
JORNADA_12,1,D16_E_3_3_1_Q03,VANT-BLIND-5EDB619877,E_3_3_1,held-out,"Toledo",PR-4115200-1067A9B8C7D6E5F4,-25.080000,-54.011000,5.02,quadrado_224x224m,170.47,170.47,false,9.53,92.76,88.10,97.63,0.000,1906.5,3.45,3.65,7,155
JORNADA_12,2,D16_E_3_3_1_Q04,VANT-BLIND-00A9E76711,E_3_3_1,held-out,"Cascavel",PR-4115200-1068A9B8C7D6E5F4,-25.125000,-54.019000,5.02,retangulo_158x317m,129.44,129.44,false,11.03,92.76,128.34,139.37,5.068,1931.6,3.50,3.70,6,157
JORNADA_12,3,D16_E_3_3_2_Q01,VANT-BLIND-9EA9AFB697,E_3_3_2,treino,"Marechal Cândido Rondon",PR-4115200-1069A9B8C7D6E5F4,-25.170000,-53.995000,5.02,retangulo_158x317m,286.99,286.99,false,9.25,92.76,148.16,157.40,5.556,1604.1,2.91,3.07,5,130
JORNADA_12,4,D16_E_3_3_2_Q02,VANT-BLIND-449E8CD43B,E_3_3_2,treino,"Santa Helena",PR-4115200-1070A9B8C7D6E5F4,-25.215000,-54.003000,5.02,quadrado_224x224m,329.30,329.30,false,10.10,92.76,107.31,117.42,5.068,1906.5,3.45,3.65,7,155
JORNADA_12,5,D16_E_3_3_2_Q03,VANT-BLIND-54E0449C62,E_3_3_2,held-out,"Medianeira",PR-4115200-1071A9B8C7D6E5F4,-25.260000,-54.011000,5.02,quadrado_224x224m,10.50,10.50,false,8.71,92.76,72.25,80.96,5.068,1906.5,3.45,3.65,7,155
JORNADA_12,6,D16_E_3_3_2_Q04,VANT-BLIND-2127D8D55B,E_3_3_2,held-out,"São Miguel do Iguaçu",PR-4115200-1072A9B8C7D6E5F4,-25.305000,-54.019000,5.02,retangulo_158x317m,71.20,71.20,false,8.69,92.76,67.93,76.62,5.068,1604.1,2.91,3.07,5,130