codigoPoligono,idJornada,ordemNaJornada,codigoCar,nomeProprietario,municipio,areaImovelHa,areaPoligonoHa,dataAutorizacao,formaAutorizacao
D16_E_1_1_1_Q01,JORNADA_01,1,PR-4115200-1001A9B8C7D6E5F4,"Titular Sicar #1 (A consultar na matrícula/CAR)","Toledo",12.40,5.02,,
D16_E_1_1_1_Q02,JORNADA_01,2,PR-4115200-1002A9B8C7D6E5F4,"Titular Sicar #2 (A consultar na matrícula/CAR)","Cascavel",14.70,5.02,,
D16_E_1_1_1_Q03,JORNADA_01,3,PR-4115200-1003A9B8C7D6E5F4,"Titular Sicar #3 (A consultar na matrícula/CAR)","Marechal Cândido Rondon",17.00,5.02,,
D16_E_1_1_1_Q04,JORNADA_01,4,PR-4115200-1004A9B8C7D6E5F4,"Titular Sicar #4 (A consultar na matrícula/CAR)","Santa Helena",19.30,5.02,,
D16_E_1_1_2_Q01,JORNADA_01,5,PR-4115200-1005A9B8C7D6E5F4,"Titular Sicar #5 (A consultar na matrícula/CAR)","Medianeira",21.60,5.02,,
D16_E_1_1_2_Q02,JORNADA_01,6,PR-4115200-1006A9B8C7D6E5F4,"Titular Sicar #6 (A consultar na matrícula/CAR)","São Miguel do Iguaçu",23.90,5.02,,
D16_E_1_2_2_Q01,JORNADA_02,1,PR-4115200-1013A9B8C7D6E5F4,"Titular Sicar #13 (A consultar na matrícula/CAR)","Toledo",40.00,5.02,,
D16_E_1_2_2_Q02,JORNADA_02,2,PR-4115200-1014A9B8C7D6E5F4,"Titular Sicar #14 (A consultar na matrícula/CAR)","Cascavel",42.30,5.02,,
D16_E_1_2_2_Q03,JORNADA_02,3,PR-4115200-1015A9B8C7D6E5F4,"Titular Sicar #15 (A consultar na matrícula/CAR)","Marechal Cândido Rondon",44.60,5.02,,
D16_E_1_2_2_Q04,JORNADA_02,4,PR-4115200-1016A9B8C7D6E5F4,"Titular Sicar #16 (A consultar na matrícula/CAR)","Santa Helena",12.40,5.02,,
D16_E_1_3_1_Q01,JORNADA_02,5,PR-4115200-1017A9B8C7D6E5F4,"Titular Sicar #17 (A consultar na matrícula/CAR)","Medianeira",14.70,5.02,,
D16_E_1_3_1_Q02,JORNADA_02,6,PR-4115200-1018A9B8C7D6E5F4,"Titular Sicar #18 (A consultar na matrícula/CAR)","São Miguel do Iguaçu",17.00,5.02,,
D16_E_2_1_1_Q01,JORNADA_03,1,PR-4115200-1025A9B8C7D6E5F4,"Titular Sicar #25 (A consultar na matrícula/CAR)","Toledo",33.10,5.02,,
D16_E_2_1_1_Q02,JORNADA_03,2,PR-4115200-1026A9B8C7D6E5F4,"Titular Sicar #26 (A consultar na matrícula/CAR)","Cascavel",35.40,5.02,,
D16_E_2_1_1_Q03,JORNADA_03,3,PR-4115200-1027A9B8C7D6E5F4,"Titular Sicar #27 (A consultar na matrícula/CAR)","Marechal Cândido Rondon",37.70,5.02,,
D16_E_2_1_1_Q04,JORNADA_03,4,PR-4115200-1028A9B8C7D6E5F4,"Titular Sicar #28 (A consultar na matrícula/CAR)","Santa Helena",40.00,5.02,,
D16_E_2_1_2_Q01,JORNADA_03,5,PR-4115200-1029A9B8C7D6E5F4,"Titular Sicar #29 (A consultar na matrícula/CAR)","Medianeira",42.30,5.02,,
D16_E_2_1_2_Q02,JORNADA_03,6,PR-4115200-1030A9B8C7D6E5F4,"Titular Sicar #30 (A consultar na matrícula/CAR)","São Miguel do Iguaçu",44.60,5.02,,
D16_E_2_2_2_Q01,JORNADA_04,1,PR-4115200-1037A9B8C7D6E5F4,"Titular Sicar #37 (A consultar na matrícula/CAR)","Toledo",26.20,5.02,,
D16_E_2_2_2_Q02,JORNADA_04,2,PR-4115200-1038A9B8C7D6E5F4,"Titular Sicar #38 (A consultar na matrícula/CAR)","Cascavel",28.50,5.02,,
D16_E_2_2_2_Q03,JORNADA_04,3,PR-4115200-1039A9B8C7D6E5F4,"Titular Sicar #39 (A consultar na matrícula/CAR)","Marechal Cândido Rondon",30.80,5.02,,
D16_E_2_2_2_Q04,JORNADA_04,4,PR-4115200-1040A9B8C7D6E5F4,"Titular Sicar #40 (A consultar na matrícula/CAR)","Santa Helena",33.10,5.02,,
D16_E_2_3_1_Q01,JORNADA_04,5,PR-4115200-1041A9B8C7D6E5F4,"Titular Sicar #41 (A consultar na matrícula/CAR)","Medianeira",35.40,5.02,,
D16_E_2_3_1_Q02,JORNADA_04,6,PR-4115200-1042A9B8C7D6E5F4,"Titular Sicar #42 (A consultar na matrícula/CAR)","São Miguel do Iguaçu",37.70,5.02,,
D16_E_3_1_1_Q01,JORNADA_05,1,PR-4115200-1049A9B8C7D6E5F4,"Titular Sicar #49 (A consultar na matrícula/CAR)","Toledo",19.30,5.02,,
D16_E_3_1_1_Q02,JORNADA_05,2,PR-4115200-1050A9B8C7D6E5F4,"Titular Sicar #50 (A consultar na matrícula/CAR)","Cascavel",21.60,5.02,,
D16_E_3_1_1_Q03,JORNADA_05,3,PR-4115200-1051A9B8C7D6E5F4,"Titular Sicar #51 (A consultar na matrícula/CAR)","Marechal Cândido Rondon",23.90,5.02,,
D16_E_3_1_1_Q04,JORNADA_05,4,PR-4115200-1052A9B8C7D6E5F4,"Titular Sicar #52 (A consultar na matrícula/CAR)","Santa Helena",26.20,5.02,,
D16_E_3_1_2_Q01,JORNADA_05,5,PR-4115200-1053A9B8C7D6E5F4,"Titular Sicar #53 (A consultar na matrícula/CAR)","Medianeira",28.50,5.02,,
D16_E_3_1_2_Q02,JORNADA_05,6,PR-4115200-1054A9B8C7D6E5F4,"Titular Sicar #54 (A consultar na matrícula/CAR)","São Miguel do Iguaçu",30.80,5.02,,
D16_E_3_2_2_Q01,JORNADA_06,1,PR-4115200-1061A9B8C7D6E5F4,"Titular Sicar #61 (A consultar na matrícula/CAR)","Toledo",12.40,5.02,,
D16_E_3_2_2_Q02,JORNADA_06,2,PR-4115200-1062A9B8C7D6E5F4,"Titular Sicar #62 (A consultar na matrícula/CAR)","Cascavel",14.70,5.02,,
D16_E_3_2_2_Q03,JORNADA_06,3,PR-4115200-1063A9B8C7D6E5F4,"Titular Sicar #63 (A consultar na matrícula/CAR)","Marechal Cândido Rondon",17.00,5.02,,
D16_E_3_2_2_Q04,JORNADA_06,4,PR-4115200-1064A9B8C7D6E5F4,"Titular Sicar #64 (A consultar na matrícula/CAR)","Santa Helena",19.30,5.02,,
D16_E_3_3_1_Q01,JORNADA_06,5,PR-4115200-1065A9B8C7D6E5F4,"Titular Sicar #65 (A consultar na matrícula/CAR)","Medianeira",21.60,5.02,,
D16_E_3_3_1_Q02,JORNADA_06,6,PR-4115200-1066A9B8C7D6E5F4,"Titular Sicar #66 (A consultar na matrícula/CAR)","São Miguel do Iguaçu",23.90,5.02,,
D16_E_1_1_2_Q03,JORNADA_07,1,PR-4115200-1007A9B8C7D6E5F4,"Titular Sicar #7 (A consultar na matrícula/CAR)","Toledo",26.20,5.02,,
D16_E_1_1_2_Q04,JORNADA_07,2,PR-4115200-1008A9B8C7D6E5F4,"Titular Sicar #8 (A consultar na matrícula/CAR)","Cascavel",28.50,5.02,,
D16_E_1_2_1_Q01,JORNADA_07,3,PR-4115200-1009A9B8C7D6E5F4,"Titular Sicar #9 (A consultar na matrícula/CAR)","Marechal Cândido Rondon",30.80,5.02,,
D16_E_1_2_1_Q02,JORNADA_07,4,PR-4115200-1010A9B8C7D6E5F4,"Titular Sicar #10 (A consultar na matrícula/CAR)","Santa Helena",33.10,5.02,,
D16_E_1_2_1_Q03,JORNADA_07,5,PR-4115200-1011A9B8C7D6E5F4,"Titular Sicar #11 (A consultar na matrícula/CAR)","Medianeira",35.40,5.02,,
D16_E_1_2_1_Q04,JORNADA_07,6,PR-4115200-1012A9B8C7D6E5F4,"Titular Sicar #12 (A consultar na matrícula/CAR)","São Miguel do Iguaçu",37.70,5.02,,
D16_E_1_3_1_Q03,JORNADA_08,1,PR-4115200-1019A9B8C7D6E5F4,"Titular Sicar #19 (A consultar na matrícula/CAR)","Toledo",19.30,5.02,,
D16_E_1_3_1_Q04,JORNADA_08,2,PR-4115200-1020A9B8C7D6E5F4,"Titular Sicar #20 (A consultar na matrícula/CAR)","Cascavel",21.60,5.02,,
D16_E_1_3_2_Q01,JORNADA_08,3,PR-4115200-1021A9B8C7D6E5F4,"Titular Sicar #21 (A consultar na matrícula/CAR)","Marechal Cândido Rondon",23.90,5.02,,
D16_E_1_3_2_Q02,JORNADA_08,4,PR-4115200-1022A9B8C7D6E5F4,"Titular Sicar #22 (A consultar na matrícula/CAR)","Santa Helena",26.20,5.02,,
D16_E_1_3_2_Q03,JORNADA_08,5,PR-4115200-1023A9B8C7D6E5F4,"Titular Sicar #23 (A consultar na matrícula/CAR)","Medianeira",28.50,5.02,,
D16_E_1_3_2_Q04,JORNADA_08,6,PR-4115200-1024A9B8C7D6E5F4,"Titular Sicar #24 (A consultar na matrícula/CAR)","São Miguel do Iguaçu",30.80,5.02,,
D16_E_2_1_2_Q03,JORNADA_09,1,PR-4115200-1031A9B8C7D6E5F4,"Titular Sicar #31 (A consultar na matrícula/CAR)","Toledo",12.40,5.02,,
D16_E_2_1_2_Q04,JORNADA_09,2,PR-4115200-1032A9B8C7D6E5F4,"Titular Sicar #32 (A consultar na matrícula/CAR)","Cascavel",14.70,5.02,,
D16_E_2_2_1_Q01,JORNADA_09,3,PR-4115200-1033A9B8C7D6E5F4,"Titular Sicar #33 (A consultar na matrícula/CAR)","Marechal Cândido Rondon",17.00,5.02,,
D16_E_2_2_1_Q02,JORNADA_09,4,PR-4115200-1034A9B8C7D6E5F4,"Titular Sicar #34 (A consultar na matrícula/CAR)","Santa Helena",19.30,5.02,,
D16_E_2_2_1_Q03,JORNADA_09,5,PR-4115200-1035A9B8C7D6E5F4,"Titular Sicar #35 (A consultar na matrícula/CAR)","Medianeira",21.60,5.02,,
D16_E_2_2_1_Q04,JORNADA_09,6,PR-4115200-1036A9B8C7D6E5F4,"Titular Sicar #36 (A consultar na matrícula/CAR)","São Miguel do Iguaçu",23.90,5.02,,
D16_E_2_3_1_Q03,JORNADA_10,1,PR-4115200-1043A9B8C7D6E5F4,"Titular Sicar #43 (A consultar na matrícula/CAR)","Toledo",40.00,5.02,,
D16_E_2_3_1_Q04,JORNADA_10,2,PR-4115200-1044A9B8C7D6E5F4,"Titular Sicar #44 (A consultar na matrícula/CAR)","Cascavel",42.30,5.02,,
D16_E_2_3_2_Q01,JORNADA_10,3,PR-4115200-1045A9B8C7D6E5F4,"Titular Sicar #45 (A consultar na matrícula/CAR)","Marechal Cândido Rondon",44.60,5.02,,
D16_E_2_3_2_Q02,JORNADA_10,4,PR-4115200-1046A9B8C7D6E5F4,"Titular Sicar #46 (A consultar na matrícula/CAR)","Santa Helena",12.40,5.02,,
D16_E_2_3_2_Q03,JORNADA_10,5,PR-4115200-1047A9B8C7D6E5F4,"Titular Sicar #47 (A consultar na matrícula/CAR)","Medianeira",14.70,5.02,,
D16_E_2_3_2_Q04,JORNADA_10,6,PR-4115200-1048A9B8C7D6E5F4,"Titular Sicar #48 (A consultar na matrícula/CAR)","São Miguel do Iguaçu",17.00,5.02,,
D16_E_3_1_2_Q03,JORNADA_11,1,PR-4115200-1055A9B8C7D6E5F4,"Titular Sicar #55 (A consultar na matrícula/CAR)","Toledo",33.10,5.02,,
D16_E_3_1_2_Q04,JORNADA_11,2,PR-4115200-1056A9B8C7D6E5F4,"Titular Sicar #56 (A consultar na matrícula/CAR)","Cascavel",35.40,5.02,,
D16_E_3_2_1_Q01,JORNADA_11,3,PR-4115200-1057A9B8C7D6E5F4,"Titular Sicar #57 (A consultar na matrícula/CAR)","Marechal Cândido Rondon",37.70,5.02,,
D16_E_3_2_1_Q02,JORNADA_11,4,PR-4115200-1058A9B8C7D6E5F4,"Titular Sicar #58 (A consultar na matrícula/CAR)","Santa Helena",40.00,5.02,,
D16_E_3_2_1_Q03,JORNADA_11,5,PR-4115200-1059A9B8C7D6E5F4,"Titular Sicar #59 (A consultar na matrícula/CAR)","Medianeira",42.30,5.02,,
D16_E_3_2_1_Q04,JORNADA_11,6,PR-4115200-1060A9B8C7D6E5F4,"Titular Sicar #60 (A consultar na matrícula/CAR)","São Miguel do Iguaçu",44.60,5.02,,
D16_E_3_3_1_Q03,JORNADA_12,1,PR-4115200-1067A9B8C7D6E5F4,"Titular Sicar #67 (A consultar na matrícula/CAR)","Toledo",26.20,5.02,,
D16_E_3_3_1_Q04,JORNADA_12,2,PR-4115200-1068A9B8C7D6E5F4,"Titular Sicar #68 (A consultar na matrícula/CAR)","Cascavel",28.50,5.02,,
D16_E_3_3_2_Q01,JORNADA_12,3,PR-4115200-1069A9B8C7D6E5F4,"Titular Sicar #69 (A consultar na matrícula/CAR)","Marechal Cândido Rondon",30.80,5.02,,
D16_E_3_3_2_Q02,JORNADA_12,4,PR-4115200-1070A9B8C7D6E5F4,"Titular Sicar #70 (A consultar na matrícula/CAR)","Santa Helena",33.10,5.02,,
D16_E_3_3_2_Q03,JORNADA_12,5,PR-4115200-1071A9B8C7D6E5F4,"Titular Sicar #71 (A consultar na matrícula/CAR)","Medianeira",35.40,5.02,,
D16_E_3_3_2_Q04,JORNADA_12,6,PR-4115200-1072A9B8C7D6E5F4,"Titular Sicar #72 (A consultar na matrícula/CAR)","São Miguel do Iguaçu",37.70,5.02,,